id;picture;realname;username;password;address;matrix
1;dot-com Ergonomic client-server;Corporate Intranet AGP;Ecuador;reboot Granite;Concrete;Buckinghamshire Avon Kentucky
2;killer Bedfordshire;Steel;user-facing Wooden Practical;Sterling Stream Niue;Direct Sleek payment;Planner collaborative Forint
3;initiatives;Integration;User-centric;rich Lake;withdrawal drive;Czech experiences Steel
4;Frozen Forward Utah;logistical Specialist SQL;real-time value-added New;Avon;Carolina Fresh;Avon
5;1080p Web optimize;Fresh portals;Outdoors;Fundamental JBOD Cotton;Public-key bypassing;XSS
6;system;convergence Technician;Cambridgeshire Outdoors;efficient;engage Tasty Graphical;models
7;Up-sized Massachusetts;experiences;Krona;Alaska;monitor 24/365 SMS;Steel Investor Specialist
8;Shoes;directional;visionary;port purple;clicks-and-mortar 24/7 olive;Moldova
9;payment dynamic Representative;Franc reboot;Internal Borders;system Berkshire;connecting;Organic Rubber
10;robust;back Ergonomic;Music;24/365;Avon Concrete;Grove synthesize
